Topic,URL
Python tutorials for beginners,https://www.w3schools.com/python/
Python tutorials for beginners,https://www.youtube.com/watch?v=kqtD5dpn9C8&pp=0gcJCfwAo7VqN5tD
Python tutorials for beginners,https://www.python.org/about/gettingstarted/
Python tutorials for beginners,https://www.youtube.com/watch?v=K5KVEU3aaeQ
Python tutorials for beginners,https://www.learnpython.org/
Python tutorials for beginners,https://www.codecademy.com/catalog/language/python
Python tutorials for beginners,https://developers.google.com/edu/python
Python tutorials for beginners,https://wiki.python.org/moin/BeginnersGuide
Python tutorials for beginners,https://www.tutorialspoint.com/python/index.htm
Python tutorials for beginners,https://realpython.com/
Free online courses for learning Python,https://www.learnpython.org/
Free online courses for learning Python,https://www.reddit.com/r/learnpython/comments/10rlgnu/recommended_free_online_python_courses/
Free online courses for learning Python,https://www.codecademy.com/catalog/language/python
Free online courses for learning Python,https://developers.google.com/edu/python
Free online courses for learning Python,https://www.coursera.org/courses?query=free&skills=Python%20Programming
Free online courses for learning Python,https://www.scaler.com/topics/course/python-for-beginners/
Free online courses for learning Python,https://www.mygreatlearning.com/academy/learn-for-free/courses/python-fundamentals-for-beginners
Free online courses for learning Python,https://mimo.org/blog/how-to-learn-python-for-free-online
Free online courses for learning Python,https://pll.harvard.edu/subject/python
Free online courses for learning Python,https://www.udemy.com/topic/python/free/?srsltid=AfmBOoop5pQyMQcygeByqLYVJs6SkTvt7K4lCjiDQ0LOL3IDscKdskMP
Python programming language basics,https://www.learnpython.org/
Python programming language basics,https://www.reddit.com/r/learnpython/comments/10rlgnu/recommended_free_online_python_courses/
Python programming language basics,https://www.codecademy.com/catalog/language/python
Python programming language basics,https://developers.google.com/edu/python
Python programming language basics,https://www.coursera.org/courses?query=free&skills=Python%20Programming
Python programming language basics,https://www.scaler.com/topics/course/python-for-beginners/
Python programming language basics,https://www.mygreatlearning.com/academy/learn-for-free/courses/python-fundamentals-for-beginners
Python programming language basics,https://mimo.org/blog/how-to-learn-python-for-free-online
Python programming language basics,https://pll.harvard.edu/subject/python
Python programming language basics,https://www.udemy.com/topic/python/free/?srsltid=AfmBOoop5pQyMQcygeByqLYVJs6SkTvt7K4lCjiDQ0LOL3IDscKdskMP
Introduction to Python scripting,https://www.w3schools.com/python/python_intro.asp
Introduction to Python scripting,https://www.python.org/about/gettingstarted/
Introduction to Python scripting,https://www.w3schools.com/python/
Introduction to Python scripting,https://docs.python.org/3/tutorial/index.html
Introduction to Python scripting,https://www.youtube.com/watch?v=K5KVEU3aaeQ
Introduction to Python scripting,https://www.geeksforgeeks.org/python/python-basics/
Introduction to Python scripting,https://developers.google.com/edu/python/introduction
Introduction to Python scripting,https://www.youtube.com/watch?v=fLAfa-BQtOQ&pp=0gcJCfwAo7VqN5tD
Introduction to Python scripting,https://www.geeksforgeeks.org/python/python-programming-language-tutorial/
Introduction to Python scripting,https://www.datacamp.com/blog/how-to-learn-python-expert-guide
Python web scraping tutorials,https://www.redhat.com/en/blog/python-scripting-intro
Python web scraping tutorials,https://www.w3schools.com/python/python_intro.asp
Python web scraping tutorials,https://www.python.org/about/gettingstarted/
Python web scraping tutorials,https://www.codecademy.com/article/python-scripting
Python web scraping tutorials,https://www.coursera.org/specializations/introduction-scripting-in-python
Python web scraping tutorials,https://www.youtube.com/watch?v=dQlw1Cdd3pw&pp=0gcJCfwAo7VqN5tD
Python web scraping tutorials,https://developers.google.com/edu/python/introduction
Python web scraping tutorials,https://docs.python.org/3/tutorial/index.html
Python web scraping tutorials,https://www.lancaster.ac.uk/staff/drummonn/PHYS281/demo-scripts/
Python web scraping tutorials,https://www.datacamp.com/courses/intro-to-python-for-data-science
Learning Python for data analysis,https://www.reddit.com/r/learnpython/comments/12b848s/python_for_data_analysis/
Learning Python for data analysis,https://www.youtube.com/watch?v=wUSDVGivd-8&pp=0gcJCfwAo7VqN5tD
Learning Python for data analysis,https://www.coursera.org/learn/data-analysis-with-python
Learning Python for data analysis,https://www.datacamp.com/tracks/data-analyst-with-python
Learning Python for data analysis,https://learn.microsoft.com/en-us/training/modules/explore-analyze-data-with-python/
Learning Python for data analysis,https://realpython.com/python-for-data-analysis/
Learning Python for data analysis,https://pythoninstitute.org/python-for-data-analysis-essentials
Learning Python for data analysis,https://pll.harvard.edu/course/introduction-data-science-python
Learning Python for data analysis,https://www.w3schools.com/datascience/ds_python.asp
Learning Python for data analysis,https://cognitiveclass.ai/courses/data-analysis-python
Python machine learning resources,https://www.reddit.com/r/learnpython/comments/12b848s/python_for_data_analysis/
Python machine learning resources,https://www.youtube.com/watch?v=wUSDVGivd-8&pp=0gcJCfwAo7VqN5tD
Python machine learning resources,https://www.coursera.org/learn/data-analysis-with-python
Python machine learning resources,https://www.datacamp.com/tracks/data-analyst-with-python
Python machine learning resources,https://learn.microsoft.com/en-us/training/modules/explore-analyze-data-with-python/
Python machine learning resources,https://realpython.com/python-for-data-analysis/
Python machine learning resources,https://pythoninstitute.org/python-for-data-analysis-essentials
Python machine learning resources,https://pll.harvard.edu/course/introduction-data-science-python
Python machine learning resources,https://www.w3schools.com/datascience/ds_python.asp
Python machine learning resources,https://cognitiveclass.ai/courses/data-analysis-python
Python data science tutorials,https://www.reddit.com/r/Python/comments/11q64a0/what_are_the_good_sources_to_learn_machine/
Python data science tutorials,https://github.com/datascienceid/machine-learning-resources
Python data science tutorials,https://www.w3schools.com/python/python_ml_getting_started.asp
Python data science tutorials,https://jakevdp.github.io/PythonDataScienceHandbook/
Python data science tutorials,https://medium.com/@hashirbhatti/guide-to-learning-machine-learning-in-2024-with-resources-b99416c2e9d8
Python data science tutorials,https://realpython.com/tutorials/machine-learning/
Python data science tutorials,https://scikit-learn.org/
Python data science tutorials,https://www.kaggle.com/general/196686
Python data science tutorials,https://machinelearningmastery.com/
Python data science tutorials,https://www.stxnext.com/blog/machine-learning-in-python-top-resources
Automate tasks with Python scripting,https://realpython.com/tutorials/data-science/
Automate tasks with Python scripting,https://www.youtube.com/watch?v=wUSDVGivd-8
Automate tasks with Python scripting,https://www.geeksforgeeks.org/data-science/data-science-with-python-tutorial/
Automate tasks with Python scripting,https://www.w3schools.com/datascience/
Automate tasks with Python scripting,https://www.youtube.com/playlist?list=PLeo1K3hjS3us_ELKYSj_Fth2tIEkdKXvV
Automate tasks with Python scripting,https://www.kaggle.com/learn
Automate tasks with Python scripting,https://www.datacamp.com/courses/intro-to-python-for-data-science
Automate tasks with Python scripting,https://code.visualstudio.com/docs/datascience/data-science-tutorial
Automate tasks with Python scripting,https://www.tutorialspoint.com/python_data_science/index.htm
Automate tasks with Python scripting,https://pll.harvard.edu/course/introduction-data-science-python
Python libraries for data visualization,https://automatetheboringstuff.com/
Python libraries for data visualization,https://zapier.com/blog/python-automation/
Python libraries for data visualization,https://learn.microsoft.com/en-us/windows/python/scripting
Python libraries for data visualization,https://www.reddit.com/r/Python/comments/plwc52/what_did_everyone_automate_using_python/
Python libraries for data visualization,https://www.monterail.com/blog/python-task-automation-examples
Python libraries for data visualization,https://www.learnenough.com/blog/automating-with-python?srsltid=AfmBOoqKOuqVIpMeTA6D-ZGnhFFvxKkzAszYuA88uAE8EVHahud48cpK
Python libraries for data visualization,https://python.plainenglish.io/how-i-automated-my-life-practical-python-scripts-for-everyday-tasks-aca2df7e9e9b
Python libraries for data visualization,https://medium.com/@haroldfinch01/top-25-python-scripts-to-automate-your-daily-tasks-817330847aa1
Python libraries for data visualization,https://dev.to/snehalkadwe/automate-your-day-with-a-python-script-1nek
Python libraries for data visualization,https://www.youtube.com/watch?v=PXMJ6FS7llk
Best Python books for beginners,https://mode.com/blog/python-data-visualization-libraries/
Best Python books for beginners,https://open-data-analytics.medium.com/top-python-data-visualization-libraries-of-2025-a28ec518dfae
Best Python books for beginners,https://seaborn.pydata.org/
Best Python books for beginners,https://www.reddit.com/r/datascience/comments/1b40em5/what_python_data_visualization_package_are_you/
Best Python books for beginners,https://matplotlib.org/
Best Python books for beginners,https://www.knowledgehut.com/blog/business-intelligence-and-visualization/python-data-visualization-libraries
Best Python books for beginners,https://www.geeksforgeeks.org/data-visualization/python-data-visualization-tutorial/
Best Python books for beginners,https://reflex.dev/blog/2025-01-27-top-10-data-visualization-libraries/
Best Python books for beginners,https://dev.to/taipy/7-best-python-visualization-libraries-for-2024-5h9f
Best Python books for beginners,https://www.analyticsvidhya.com/blog/2024/05/top-python-libraries-for-data-visualization/
Python online communities and forums,https://www.reddit.com/r/learnpython/comments/10bsa9d/the_best_python_leaning_literature_for_absolute/
Python online communities and forums,https://www.youtube.com/watch?v=MqywbqLmjp4
Python online communities and forums,https://www.stxnext.com/blog/best-python-books
Python online communities and forums,https://365datascience.com/tutorials/python-tutorials/best-python-books/
Python online communities and forums,https://pythonbooks.org/free-books/
Python online communities and forums,https://www.amazon.com/Best-Sellers-Python-Programming/zgbs/books/285856
Python online communities and forums,https://news.ycombinator.com/item?id=34569425
Python online communities and forums,https://www.coursereport.com/blog/the-best-python-books-for-beginners-in-2025
Python online communities and forums,https://discuss.python.org/t/help-with-good-python-books/25433
Python online communities and forums,https://realpython.com/best-python-books/
Advanced Python topics and techniques,https://www.python.org/community/forums/
Advanced Python topics and techniques,https://codeeasy.io/blog/best-python-programmers-communities-online
Advanced Python topics and techniques,https://www.reddit.com/r/Python/
Advanced Python topics and techniques,https://www.python.org/community/
Advanced Python topics and techniques,https://python-forum.io/
Advanced Python topics and techniques,https://www.python-forum.de/
Advanced Python topics and techniques,https://www.thecodingforums.com/forums/python.77/
Advanced Python topics and techniques,https://moldstud.com/articles/p-top-10-online-forums-for-python-developers-networking-and-community-support
Advanced Python topics and techniques,https://www.geeksforgeeks.org/python/python-communities-and-meetups-connecting-with-fellow-enthusiasts/
Advanced Python topics and techniques,https://www.devglan.com/programming/python-forums
Python testing and debugging best practices,https://dextrop.medium.com/debugging-and-testing-in-python-a-comprehensive-guide-8ac520708ac
Python testing and debugging best practices,https://realpython.com/debug-python-errors/
Python testing and debugging best practices,https://www.datanovia.com/learn/programming/best-practices/debugging-and-testing.html
Python testing and debugging best practices,https://docs.python-guide.org/writing/tests/
Python testing and debugging best practices,https://www.quanthub.com/comprehensive-best-practices-for-testing-debugging-and-optimizing-python-web-applications/
Python testing and debugging best practices,https://www.freecodecamp.org/news/python-debugging-handbook/
Python testing and debugging best practices,https://realpython.com/python-assert-statement/
Python testing and debugging best practices,https://pytest-with-eric.com/introduction/python-unit-testing-best-practices/
Python testing and debugging best practices,https://www.tabnine.com/blog/python-code-debugging-common-bugs-tools-and-best-practices/
Python testing and debugging best practices,https://codeandcompany.medium.com/exploring-testing-and-debugging-in-python-a-comprehensive-guide-309ee4e14b37
Python deployment and production environment,https://dextrop.medium.com/debugging-and-testing-in-python-a-comprehensive-guide-8ac520708ac
Python deployment and production environment,https://realpython.com/debug-python-errors/
Python deployment and production environment,https://www.datanovia.com/learn/programming/best-practices/debugging-and-testing.html
Python deployment and production environment,https://docs.python-guide.org/writing/tests/
Python deployment and production environment,https://www.quanthub.com/comprehensive-best-practices-for-testing-debugging-and-optimizing-python-web-applications/
Python deployment and production environment,https://www.freecodecamp.org/news/python-debugging-handbook/
Python deployment and production environment,https://realpython.com/python-assert-statement/
Python deployment and production environment,https://pytest-with-eric.com/introduction/python-unit-testing-best-practices/
Python deployment and production environment,https://www.tabnine.com/blog/python-code-debugging-common-bugs-tools-and-best-practices/
Python deployment and production environment,https://codeandcompany.medium.com/exploring-testing-and-debugging-in-python-a-comprehensive-guide-309ee4e14b37
Python security best practices and guidelines,https://www.reddit.com/r/learnpython/comments/12t9bgm/how_do_i_deploy_python_scripts_in_production/
Python security best practices and guidelines,https://flask.palletsprojects.com/en/stable/tutorial/deploy/
Python security best practices and guidelines,https://www.fullstackpython.com/deployment.html
Python security best practices and guidelines,https://medium.com/red-buffer/python-production-level-coding-practices-4c39246e0233
Python security best practices and guidelines,https://www.aiamigos.org/python-deployment-best-practices-a-comprehensive-guide/
Python security best practices and guidelines,https://www.phusionpassenger.com/docs/tutorials/deploy_to_production/deploying_your_app/oss/ownserver/python/nginx/
Python security best practices and guidelines,https://www.linkedin.com/pulse/pythons-role-managing-deployment-organizing-detailed-workflows-b-guovf
Python security best practices and guidelines,https://andypi.co.uk/2024/01/12/14-key-components-for-a-full-stack-production-deployment-python-web-app/
Python security best practices and guidelines,https://stackoverflow.com/questions/59320414/deploying-python-application-to-staging-and-production
Python security best practices and guidelines,https://gist.github.com/mkpoli/d1b4e9710e763d52e00261d009108cd7
Real-world Python projects and applications,https://www.blackduck.com/blog/python-security-best-practices.html
Real-world Python projects and applications,https://www.aptori.com/blog/python-security-cheat-sheet-for-developers
Real-world Python projects and applications,https://snyk.io/blog/python-security-best-practices-cheat-sheet/
Real-world Python projects and applications,https://binmile.com/blog/python-security-best-practices-and-strategies/
Real-world Python projects and applications,https://www.getsafety.com/blog-posts/python-security-best-practices-for-developers
Real-world Python projects and applications,https://github.com/Ericsson/secure_coding_one_stop_shop_for_python
Real-world Python projects and applications,https://medium.com/@VAISHAK_CP/python-security-best-practices-for-writing-secure-code-a6a9130e3748
Real-world Python projects and applications,https://go.snyk.io/rs/677-THP-415/images/Python_Cheatsheet_whitepaper.pdf
Real-world Python projects and applications,https://avatao.com/python-security-training/
Real-world Python projects and applications,https://corgea.com/Learn/python-security-best-practices-a-comprehensive-guide-for-engineers
Python career opportunities and job roles,https://realpython.com/tutorials/projects/
Python career opportunities and job roles,https://www.datacamp.com/blog/60-python-projects-for-all-levels-expertise
Python career opportunities and job roles,https://www.geeksforgeeks.org/python/python-projects-beginner-to-advanced/
Python career opportunities and job roles,https://www.dataquest.io/blog/python-projects-for-beginners/
Python career opportunities and job roles,https://github.com/PacktPublishing/Python-Real-World-Projects
Python career opportunities and job roles,https://www.cuantum.tech/post/top-5-realworld-python-projects-to-boost-your-programming-skills?srsltid=AfmBOooQCFu9Svhxl_JuGQ92EWaJWtngD7LbniOdjZ85akfrq-F1oB1p
Python career opportunities and job roles,https://www.reddit.com/r/learnpython/comments/17j0vbr/what_are_some_real_world_applications_or_things/
Python career opportunities and job roles,https://www.youtube.com/watch?v=RyaPmwrjrpY
Python career opportunities and job roles,https://medium.com/@maroofashraf987/real-world-projects-you-can-build-with-python-in-2025-39b860dd94ec
Python career opportunities and job roles,https://www.packtpub.com/en-us/product/python-real-world-projects-9781803246765?type=print&srsltid=AfmBOoqd0IT0AJiEvSen8JM8uoWvLt5TSnnLfYkE47nyMXhAjpx8-EdG
Python productivity and efficiency tips,https://www.coursera.org/resources/job-leveling-matrix-for-python-career-pathways
Python productivity and efficiency tips,https://opencv.org/blog/python-careers/
Python productivity and efficiency tips,https://flatironschool.com/blog/jobs-you-can-get-knowing-python/
Python productivity and efficiency tips,https://www.python.org/jobs/types/
Python productivity and efficiency tips,https://codeinstitute.net/global/blog/python-career-paths/
Python productivity and efficiency tips,https://www.reddit.com/r/learnpython/comments/zko2ax/what_are_some_popular_python_career_paths_other/
Python productivity and efficiency tips,https://www.simplilearn.com/career-opportunities-in-python-article
Python productivity and efficiency tips,https://onlinedegrees.sandiego.edu/careers-using-python/
Python productivity and efficiency tips,https://www.webskittersacademy.in/top-10-high-demand-jobs-with-a-python-development-course/
Python productivity and efficiency tips,https://www.upgrad.com/blog/career-opportunities-in-python/
Python testing and continuous integration,https://realpython.com/python-continuous-integration/
Python testing and continuous integration,https://edbennett.github.io/python-testing-ci/06-continuous-integration/index.html
Python testing and continuous integration,https://realpython.com/learning-paths/test-your-python-apps/
Python testing and continuous integration,https://blog.inedo.com/python/why-you-should-automate-your-python-tests-with-ci-cd/
Python testing and continuous integration,https://www.fullstackpython.com/continuous-integration.html
Python testing and continuous integration,https://docs.python-guide.org/scenarios/ci/
Python testing and continuous integration,http://carpentries-incubator.github.io/python-testing/
Python testing and continuous integration,https://jython.readthedocs.io/en/latest/TestingIntegration/
Python testing and continuous integration,https://python.plainenglish.io/automate-your-python-tests-with-continuous-integration-f58591fbd625
Python testing and continuous integration,https://pythonpackaging.info/06-Continuous-Integration.html
Python performance optimization techniques,https://realpython.com/python-continuous-integration/
Python performance optimization techniques,https://edbennett.github.io/python-testing-ci/06-continuous-integration/index.html
Python performance optimization techniques,https://realpython.com/learning-paths/test-your-python-apps/
Python performance optimization techniques,https://blog.inedo.com/python/why-you-should-automate-your-python-tests-with-ci-cd/
Python performance optimization techniques,https://www.fullstackpython.com/continuous-integration.html
Python performance optimization techniques,https://docs.python-guide.org/scenarios/ci/
Python performance optimization techniques,http://carpentries-incubator.github.io/python-testing/
Python performance optimization techniques,https://jython.readthedocs.io/en/latest/TestingIntegration/
Python performance optimization techniques,https://python.plainenglish.io/automate-your-python-tests-with-continuous-integration-f58591fbd625
Python performance optimization techniques,https://pythonpackaging.info/06-Continuous-Integration.html
Python concurrency and parallelism,https://wiki.python.org/moin/PythonSpeed/PerformanceTips
Python concurrency and parallelism,https://medium.com/@quanticascience/performance-optimization-in-python-e8a497cdaf11
Python concurrency and parallelism,https://www.reddit.com/r/Python/comments/sekrzq/how_to_optimize_python_code/
Python concurrency and parallelism,https://www.theserverside.com/tip/Tips-to-improve-Python-performance
Python concurrency and parallelism,https://www.geeksforgeeks.org/optimization-tips-python-code/
Python concurrency and parallelism,https://www.softformance.com/blog/how-to-speed-up-python-code/
Python concurrency and parallelism,https://www.youtube.com/watch?v=ALla3LSejAQ
Python concurrency and parallelism,https://dev.to/leapcell/python-performance-tips-you-must-know-24n5
Python concurrency and parallelism,https://www.analyticsvidhya.com/blog/2024/01/optimize-python-code-for-high-speed-execution/
Python concurrency and parallelism,https://aglowiditsolutions.com/blog/python-performance-optimization/
Python asynchronous programming,https://www.infoworld.com/article/2269314/python-concurrency-and-parallelism-explained.html
Python asynchronous programming,https://medium.com/nerd-for-tech/concurrency-and-parallelism-in-python-a-brief-introduction-9fd19b8c6433
Python asynchronous programming,https://realpython.com/python-concurrency/
Python asynchronous programming,https://learncsdesigns.medium.com/understanding-concurrency-parallelism-in-python-b952a778873d
Python asynchronous programming,https://testdriven.io/blog/python-concurrency-parallelism/
Python asynchronous programming,https://realpython.com/learning-paths/python-concurrency-parallel-programming/
Python asynchronous programming,https://oxylabs.io/blog/concurrency-vs-parallelism
Python asynchronous programming,https://www.youtube.com/watch?v=Zs-mBb6we_U
Python asynchronous programming,https://symphony.is/about-us/blog/a-deep-dive-into-gil-concurrency-and-parallelism-in-python
Python asynchronous programming,https://www.analyticsvidhya.com/blog/2023/08/exploring-multithreading-concurrency-and-parallel-execution-in-python/
Python type hints and static type checking,https://realpython.com/python-async-features/
Python type hints and static type checking,https://medium.com/velotio-perspectives/an-introduction-to-asynchronous-programming-in-python-af0189a88bbb
Python type hints and static type checking,https://docs.python.org/3/library/asyncio.html
Python type hints and static type checking,https://www.theserverside.com/tutorial/Asynchronous-programming-in-Python-tutorial
Python type hints and static type checking,https://www.youtube.com/watch?v=Qb9s3UiMSTA
Python type hints and static type checking,https://30dayscoding.com/blog/asynchronous-programming-in-python-mastering-async-and-await
Python type hints and static type checking,https://www.geeksforgeeks.org/python/asyncio-in-python/
Python type hints and static type checking,https://luminousmen.com/post/asynchronous-programming-python3.5/
Python type hints and static type checking,https://medium.com/@piyushkashyap045/async-programming-in-python-unlocking-efficiency-in-your-code-0e428061988a
Python type hints and static type checking,https://sunscrapers.com/blog/python-async-programming-basics/
Python best practices and coding standards,https://realpython.com/python-type-checking/
Python best practices and coding standards,https://docs.python.org/3/library/typing.html
Python best practices and coding standards,https://testdriven.io/blog/python-type-checking/
Python best practices and coding standards,https://www.reddit.com/r/Python/comments/13nf0ua/python_true_static_typing/
Python best practices and coding standards,https://medium.com/@palwishaakhtar/exploring-pythons-type-hints-and-checks-a3a062c66df3
Python best practices and coding standards,https://typing.python.org/
Python best practices and coding standards,https://dagster.io/blog/python-type-hinting
Python best practices and coding standards,https://www.uninformativ.de/blog/postings/2022-04-21/0/POSTING-en.html
Python best practices and coding standards,https://learn.scientific-python.org/development/guides/mypy/
Python best practices and coding standards,https://mypy.readthedocs.io/en/stable/cheat_sheet_py3.html
Python legacy code maintenance and refactoring,https://peps.python.org/pep-0008/
Python legacy code maintenance and refactoring,https://www.appacademy.io/blog/python-coding-best-practices/
Python legacy code maintenance and refactoring,https://dev.to/devasservice/python-best-practices-writing-clean-efficient-and-maintainable-code-34bj
Python legacy code maintenance and refactoring,https://gist.github.com/ruimaranhao/4e18cbe3dad6f68040c32ed6709090a3
Python legacy code maintenance and refactoring,https://docs.python-guide.org/writing/style/
Python legacy code maintenance and refactoring,https://www.datacamp.com/blog/python-best-practices-for-better-code
Python legacy code maintenance and refactoring,https://realpython.com/python-code-quality/
Python legacy code maintenance and refactoring,https://ran-ramtamang.medium.com/python-coding-standards-f39571dfc872
Python legacy code maintenance and refactoring,https://www.reddit.com/r/Python/comments/15u6fey/what_are_your_best_practices_for_coding_in_python/
Python legacy code maintenance and refactoring,https://towardsdatascience.com/8-more-python-best-practices-for-writing-industry-standard-code-64d97f42da5e/
Python performance benchmarking and profiling,https://medium.com/the-pythonworld/i-refactored-1-000-lines-of-legacy-python-code-heres-what-i-learned-099eae84e5db
Python performance benchmarking and profiling,https://www.qodo.ai/blog/8-python-code-refactoring-techniques-tools-practices/
Python performance benchmarking and profiling,https://www.sethserver.com/programming/the-art-of-code-refactoring-transforming-legacy-python-projects.html
Python performance benchmarking and profiling,https://overcast.blog/legacy-code-refactoring-a-guide-for-2024-53fab9dffc42
Python performance benchmarking and profiling,https://dev.to/wallacefreitas/techniques-for-refactoring-legacy-code-1003
Python performance benchmarking and profiling,https://understandlegacycode.com/blog/5-coding-exercises-to-practice-refactoring-legacy-code
Python performance benchmarking and profiling,https://www.youtube.com/watch?v=Rryo6CoKamE
Python performance benchmarking and profiling,https://overcast.blog/13-tools-for-legacy-code-refactoring-you-should-know-5b9305ba08b5
Python performance benchmarking and profiling,https://python.plainenglish.io/how-i-built-a-python-refactoring-tool-that-automatically-cleans-and-updates-my-old-codebases-245ae8bb91fe
Python performance benchmarking and profiling,https://www.perforce.com/blog/qac/tips-working-legacy-code
Python memory management and optimization,https://realpython.com/python-profiling/
Python memory management and optimization,https://www.softwaretestingmagazine.com/knowledge/performance-testing-and-profiling-in-python-applications/
Python memory management and optimization,https://www.tutorialspoint.com/concurrency_in_python/concurrency_in_python_benchmarking_and_profiling.htm
Python memory management and optimization,https://enccs.github.io/hpda-python/optimization/
Python memory management and optimization,https://arcwiki.rs.gsu.edu/en/python/pyProfile
Python memory management and optimization,https://medium.com/@saurav.kr.paul/5-python-profiling-tools-for-performance-analysis-17fa245324cd
Python memory management and optimization,https://github-pages.arc.ucl.ac.uk/python-tooling/pages/benchmarking-profiling.html
Python memory management and optimization,https://docs.python.org/3/library/profile.html
Python memory management and optimization,https://daily.dev/blog/top-7-python-profiling-tools-for-performance
Python memory management and optimization,https://www.oreilly.com/library/view/python-high-performance/9781787282896/2f976426-38f1-45c3-8570-3eb874c843e3.xhtml
Python concurrency models and frameworks,https://medium.com/@bpst.blog/effective-memory-management-and-optimization-in-python-d8a4d1992a45
Python concurrency models and frameworks,https://www.reddit.com/r/Python/comments/19789aq/memory_optimization_techniques_for_python/
Python concurrency models and frameworks,https://docs.python.org/3/c-api/memory.html
Python concurrency models and frameworks,https://dev.to/pragativerma18/understanding-pythons-garbage-collection-and-memory-optimization-4mi2
Python concurrency models and frameworks,https://www.datacamp.com/tutorial/write-memory-efficient-classes-in-python
Python concurrency models and frameworks,https://www.geeksforgeeks.org/python/memory-management-in-python/
Python concurrency models and frameworks,https://www.honeybadger.io/blog/reducing-your-python-apps-memory-footprint/
Python concurrency models and frameworks,https://blog.devgenius.io/python-memory-management-best-practices-for-performance-53fa39c4e1a4
Python concurrency models and frameworks,https://pythongasm.com/memory-management-in-python-interning-and-optimization
Python concurrency models and frameworks,https://medium.com/@huzaifazahoor654/python-memory-management-why-your-code-is-slow-0c2fff556c61
